{
  "Petición HTTP" : {
    "transaction" : "Petición HTTP",
    "sampleCount" : 2,
    "errorCount" : 0,
    "errorPct" : 0.0,
    "meanResTime" : 480.5,
    "medianResTime" : 480.5,
    "minResTime" : 347.0,
    "maxResTime" : 614.0,
    "pct1ResTime" : 614.0,
    "pct2ResTime" : 614.0,
    "pct3ResTime" : 614.0,
    "throughput" : 2.6917900403768504,
    "receivedKBytesPerSec" : 71.28511944818304,
    "sentKBytesPerSec" : 0.32070154777927323
  },
  "Total" : {
    "transaction" : "Total",
    "sampleCount" : 2,
    "errorCount" : 0,
    "errorPct" : 0.0,
    "meanResTime" : 480.5,
    "medianResTime" : 480.5,
    "minResTime" : 347.0,
    "maxResTime" : 614.0,
    "pct1ResTime" : 614.0,
    "pct2ResTime" : 614.0,
    "pct3ResTime" : 614.0,
    "throughput" : 2.6917900403768504,
    "receivedKBytesPerSec" : 71.28511944818304,
    "sentKBytesPerSec" : 0.32070154777927323
  }
}