{
  "Petición HTTP" : {
    "transaction" : "Petición HTTP",
    "sampleCount" : 40,
    "errorCount" : 0,
    "errorPct" : 0.0,
    "meanResTime" : 1309.6999999999998,
    "medianResTime" : 1359.5,
    "minResTime" : 664.0,
    "maxResTime" : 1922.0,
    "pct1ResTime" : 1582.6,
    "pct2ResTime" : 1649.9499999999998,
    "pct3ResTime" : 1922.0,
    "throughput" : 11.56737998843262,
    "receivedKBytesPerSec" : 306.32658870734525,
    "sentKBytesPerSec" : 1.378144881434355
  },
  "Total" : {
    "transaction" : "Total",
    "sampleCount" : 40,
    "errorCount" : 0,
    "errorPct" : 0.0,
    "meanResTime" : 1309.6999999999998,
    "medianResTime" : 1359.5,
    "minResTime" : 664.0,
    "maxResTime" : 1922.0,
    "pct1ResTime" : 1582.6,
    "pct2ResTime" : 1649.9499999999998,
    "pct3ResTime" : 1922.0,
    "throughput" : 11.56737998843262,
    "receivedKBytesPerSec" : 306.32658870734525,
    "sentKBytesPerSec" : 1.378144881434355
  }
}