{
  "Petición HTTP" : {
    "transaction" : "Petición HTTP",
    "sampleCount" : 2,
    "errorCount" : 0,
    "errorPct" : 0.0,
    "meanResTime" : 457.5,
    "medianResTime" : 457.5,
    "minResTime" : 334.0,
    "maxResTime" : 581.0,
    "pct1ResTime" : 581.0,
    "pct2ResTime" : 581.0,
    "pct3ResTime" : 581.0,
    "throughput" : 2.717391304347826,
    "receivedKBytesPerSec" : 71.96310292119566,
    "sentKBytesPerSec" : 0.32375169836956524
  },
  "Total" : {
    "transaction" : "Total",
    "sampleCount" : 2,
    "errorCount" : 0,
    "errorPct" : 0.0,
    "meanResTime" : 457.5,
    "medianResTime" : 457.5,
    "minResTime" : 334.0,
    "maxResTime" : 581.0,
    "pct1ResTime" : 581.0,
    "pct2ResTime" : 581.0,
    "pct3ResTime" : 581.0,
    "throughput" : 2.717391304347826,
    "receivedKBytesPerSec" : 71.96310292119566,
    "sentKBytesPerSec" : 0.32375169836956524
  }
}