{
  "Petición HTTP" : {
    "transaction" : "Petición HTTP",
    "sampleCount" : 40,
    "errorCount" : 0,
    "errorPct" : 0.0,
    "meanResTime" : 1336.8250000000005,
    "medianResTime" : 1375.0,
    "minResTime" : 842.0,
    "maxResTime" : 1807.0,
    "pct1ResTime" : 1574.5,
    "pct2ResTime" : 1602.3999999999999,
    "pct3ResTime" : 1807.0,
    "throughput" : 11.264432554210082,
    "receivedKBytesPerSec" : 298.30395487186706,
    "sentKBytesPerSec" : 1.3420515347789355
  },
  "Total" : {
    "transaction" : "Total",
    "sampleCount" : 40,
    "errorCount" : 0,
    "errorPct" : 0.0,
    "meanResTime" : 1336.8250000000005,
    "medianResTime" : 1375.0,
    "minResTime" : 842.0,
    "maxResTime" : 1807.0,
    "pct1ResTime" : 1574.5,
    "pct2ResTime" : 1602.3999999999999,
    "pct3ResTime" : 1807.0,
    "throughput" : 11.264432554210082,
    "receivedKBytesPerSec" : 298.30395487186706,
    "sentKBytesPerSec" : 1.3420515347789355
  }
}