{
  "Petición HTTP" : {
    "transaction" : "Petición HTTP",
    "sampleCount" : 40,
    "errorCount" : 0,
    "errorPct" : 0.0,
    "meanResTime" : 1343.825,
    "medianResTime" : 1347.0,
    "minResTime" : 823.0,
    "maxResTime" : 1690.0,
    "pct1ResTime" : 1620.8,
    "pct2ResTime" : 1679.75,
    "pct3ResTime" : 1690.0,
    "throughput" : 11.366865586814436,
    "receivedKBytesPerSec" : 301.016579639102,
    "sentKBytesPerSec" : 1.3542554703040637
  },
  "Total" : {
    "transaction" : "Total",
    "sampleCount" : 40,
    "errorCount" : 0,
    "errorPct" : 0.0,
    "meanResTime" : 1343.825,
    "medianResTime" : 1347.0,
    "minResTime" : 823.0,
    "maxResTime" : 1690.0,
    "pct1ResTime" : 1620.8,
    "pct2ResTime" : 1679.75,
    "pct3ResTime" : 1690.0,
    "throughput" : 11.366865586814436,
    "receivedKBytesPerSec" : 301.016579639102,
    "sentKBytesPerSec" : 1.3542554703040637
  }
}