{
  "Petición HTTP" : {
    "transaction" : "Petición HTTP",
    "sampleCount" : 40,
    "errorCount" : 0,
    "errorPct" : 0.0,
    "meanResTime" : 1278.575,
    "medianResTime" : 1349.5,
    "minResTime" : 672.0,
    "maxResTime" : 1683.0,
    "pct1ResTime" : 1486.8,
    "pct2ResTime" : 1593.1499999999996,
    "pct3ResTime" : 1683.0,
    "throughput" : 11.79245283018868,
    "receivedKBytesPerSec" : 312.28695275648585,
    "sentKBytesPerSec" : 1.4049602004716981
  },
  "Total" : {
    "transaction" : "Total",
    "sampleCount" : 40,
    "errorCount" : 0,
    "errorPct" : 0.0,
    "meanResTime" : 1278.575,
    "medianResTime" : 1349.5,
    "minResTime" : 672.0,
    "maxResTime" : 1683.0,
    "pct1ResTime" : 1486.8,
    "pct2ResTime" : 1593.1499999999996,
    "pct3ResTime" : 1683.0,
    "throughput" : 11.79245283018868,
    "receivedKBytesPerSec" : 312.28695275648585,
    "sentKBytesPerSec" : 1.4049602004716981
  }
}