{
  "Petición HTTP" : {
    "transaction" : "Petición HTTP",
    "sampleCount" : 2,
    "errorCount" : 0,
    "errorPct" : 0.0,
    "meanResTime" : 495.0,
    "medianResTime" : 495.0,
    "minResTime" : 392.0,
    "maxResTime" : 598.0,
    "pct1ResTime" : 598.0,
    "pct2ResTime" : 598.0,
    "pct3ResTime" : 598.0,
    "throughput" : 2.506265664160401,
    "receivedKBytesPerSec" : 66.37198464912281,
    "sentKBytesPerSec" : 0.29859805764411024
  },
  "Total" : {
    "transaction" : "Total",
    "sampleCount" : 2,
    "errorCount" : 0,
    "errorPct" : 0.0,
    "meanResTime" : 495.0,
    "medianResTime" : 495.0,
    "minResTime" : 392.0,
    "maxResTime" : 598.0,
    "pct1ResTime" : 598.0,
    "pct2ResTime" : 598.0,
    "pct3ResTime" : 598.0,
    "throughput" : 2.506265664160401,
    "receivedKBytesPerSec" : 66.37198464912281,
    "sentKBytesPerSec" : 0.29859805764411024
  }
}