{
  "Petición HTTP" : {
    "transaction" : "Petición HTTP",
    "sampleCount" : 40,
    "errorCount" : 0,
    "errorPct" : 0.0,
    "meanResTime" : 1197.4250000000002,
    "medianResTime" : 1206.5,
    "minResTime" : 629.0,
    "maxResTime" : 1669.0,
    "pct1ResTime" : 1449.6,
    "pct2ResTime" : 1606.8499999999995,
    "pct3ResTime" : 1669.0,
    "throughput" : 12.232415902140673,
    "receivedKBytesPerSec" : 323.9380256116208,
    "sentKBytesPerSec" : 1.4573776758409787
  },
  "Total" : {
    "transaction" : "Total",
    "sampleCount" : 40,
    "errorCount" : 0,
    "errorPct" : 0.0,
    "meanResTime" : 1197.4250000000002,
    "medianResTime" : 1206.5,
    "minResTime" : 629.0,
    "maxResTime" : 1669.0,
    "pct1ResTime" : 1449.6,
    "pct2ResTime" : 1606.8499999999995,
    "pct3ResTime" : 1669.0,
    "throughput" : 12.232415902140673,
    "receivedKBytesPerSec" : 323.9380256116208,
    "sentKBytesPerSec" : 1.4573776758409787
  }
}