{
  "Petición HTTP" : {
    "transaction" : "Petición HTTP",
    "sampleCount" : 40,
    "errorCount" : 0,
    "errorPct" : 0.0,
    "meanResTime" : 1204.0249999999996,
    "medianResTime" : 1299.5,
    "minResTime" : 501.0,
    "maxResTime" : 1672.0,
    "pct1ResTime" : 1403.2,
    "pct2ResTime" : 1588.5499999999993,
    "pct3ResTime" : 1672.0,
    "throughput" : 12.224938875305625,
    "receivedKBytesPerSec" : 323.7400194834963,
    "sentKBytesPerSec" : 1.456486858190709
  },
  "Total" : {
    "transaction" : "Total",
    "sampleCount" : 40,
    "errorCount" : 0,
    "errorPct" : 0.0,
    "meanResTime" : 1204.0249999999996,
    "medianResTime" : 1299.5,
    "minResTime" : 501.0,
    "maxResTime" : 1672.0,
    "pct1ResTime" : 1403.2,
    "pct2ResTime" : 1588.5499999999993,
    "pct3ResTime" : 1672.0,
    "throughput" : 12.224938875305625,
    "receivedKBytesPerSec" : 323.7400194834963,
    "sentKBytesPerSec" : 1.456486858190709
  }
}