{
  "Petición HTTP" : {
    "transaction" : "Petición HTTP",
    "sampleCount" : 2,
    "errorCount" : 0,
    "errorPct" : 0.0,
    "meanResTime" : 801.0,
    "medianResTime" : 801.0,
    "minResTime" : 603.0,
    "maxResTime" : 999.0,
    "pct1ResTime" : 999.0,
    "pct2ResTime" : 999.0,
    "pct3ResTime" : 999.0,
    "throughput" : 2.002002002002002,
    "receivedKBytesPerSec" : 53.017861611611615,
    "sentKBytesPerSec" : 0.23851976976976977
  },
  "Total" : {
    "transaction" : "Total",
    "sampleCount" : 2,
    "errorCount" : 0,
    "errorPct" : 0.0,
    "meanResTime" : 801.0,
    "medianResTime" : 801.0,
    "minResTime" : 603.0,
    "maxResTime" : 999.0,
    "pct1ResTime" : 999.0,
    "pct2ResTime" : 999.0,
    "pct3ResTime" : 999.0,
    "throughput" : 2.002002002002002,
    "receivedKBytesPerSec" : 53.017861611611615,
    "sentKBytesPerSec" : 0.23851976976976977
  }
}