{
  "Petición HTTP" : {
    "transaction" : "Petición HTTP",
    "sampleCount" : 2,
    "errorCount" : 0,
    "errorPct" : 0.0,
    "meanResTime" : 519.0,
    "medianResTime" : 519.0,
    "minResTime" : 389.0,
    "maxResTime" : 649.0,
    "pct1ResTime" : 649.0,
    "pct2ResTime" : 649.0,
    "pct3ResTime" : 649.0,
    "throughput" : 2.544529262086514,
    "receivedKBytesPerSec" : 67.3852973918575,
    "sentKBytesPerSec" : 0.30315680661577604
  },
  "Total" : {
    "transaction" : "Total",
    "sampleCount" : 2,
    "errorCount" : 0,
    "errorPct" : 0.0,
    "meanResTime" : 519.0,
    "medianResTime" : 519.0,
    "minResTime" : 389.0,
    "maxResTime" : 649.0,
    "pct1ResTime" : 649.0,
    "pct2ResTime" : 649.0,
    "pct3ResTime" : 649.0,
    "throughput" : 2.544529262086514,
    "receivedKBytesPerSec" : 67.3852973918575,
    "sentKBytesPerSec" : 0.30315680661577604
  }
}