{
  "Petición HTTP" : {
    "transaction" : "Petición HTTP",
    "sampleCount" : 40,
    "errorCount" : 0,
    "errorPct" : 0.0,
    "meanResTime" : 1276.8750000000002,
    "medianResTime" : 1318.5,
    "minResTime" : 587.0,
    "maxResTime" : 1625.0,
    "pct1ResTime" : 1462.0,
    "pct2ResTime" : 1509.9499999999998,
    "pct3ResTime" : 1625.0,
    "throughput" : 11.723329425556859,
    "receivedKBytesPerSec" : 310.45643134525204,
    "sentKBytesPerSec" : 1.3967247948417352
  },
  "Total" : {
    "transaction" : "Total",
    "sampleCount" : 40,
    "errorCount" : 0,
    "errorPct" : 0.0,
    "meanResTime" : 1276.8750000000002,
    "medianResTime" : 1318.5,
    "minResTime" : 587.0,
    "maxResTime" : 1625.0,
    "pct1ResTime" : 1462.0,
    "pct2ResTime" : 1509.9499999999998,
    "pct3ResTime" : 1625.0,
    "throughput" : 11.723329425556859,
    "receivedKBytesPerSec" : 310.45643134525204,
    "sentKBytesPerSec" : 1.3967247948417352
  }
}