{
  "Petición HTTP" : {
    "transaction" : "Petición HTTP",
    "sampleCount" : 2,
    "errorCount" : 0,
    "errorPct" : 0.0,
    "meanResTime" : 271.5,
    "medianResTime" : 271.5,
    "minResTime" : 138.0,
    "maxResTime" : 405.0,
    "pct1ResTime" : 405.0,
    "pct2ResTime" : 405.0,
    "pct3ResTime" : 405.0,
    "throughput" : 3.780718336483932,
    "receivedKBytesPerSec" : 100.12257797731569,
    "sentKBytesPerSec" : 0.45043714555765596
  },
  "Total" : {
    "transaction" : "Total",
    "sampleCount" : 2,
    "errorCount" : 0,
    "errorPct" : 0.0,
    "meanResTime" : 271.5,
    "medianResTime" : 271.5,
    "minResTime" : 138.0,
    "maxResTime" : 405.0,
    "pct1ResTime" : 405.0,
    "pct2ResTime" : 405.0,
    "pct3ResTime" : 405.0,
    "throughput" : 3.780718336483932,
    "receivedKBytesPerSec" : 100.12257797731569,
    "sentKBytesPerSec" : 0.45043714555765596
  }
}