{
  "Petición HTTP" : {
    "transaction" : "Petición HTTP",
    "sampleCount" : 40,
    "errorCount" : 0,
    "errorPct" : 0.0,
    "meanResTime" : 1450.425,
    "medianResTime" : 1471.0,
    "minResTime" : 806.0,
    "maxResTime" : 2392.0,
    "pct1ResTime" : 1809.8999999999999,
    "pct2ResTime" : 2257.299999999999,
    "pct3ResTime" : 2392.0,
    "throughput" : 10.902153175252113,
    "receivedKBytesPerSec" : 288.7100964159171,
    "sentKBytesPerSec" : 1.2988893431452713
  },
  "Total" : {
    "transaction" : "Total",
    "sampleCount" : 40,
    "errorCount" : 0,
    "errorPct" : 0.0,
    "meanResTime" : 1450.425,
    "medianResTime" : 1471.0,
    "minResTime" : 806.0,
    "maxResTime" : 2392.0,
    "pct1ResTime" : 1809.8999999999999,
    "pct2ResTime" : 2257.299999999999,
    "pct3ResTime" : 2392.0,
    "throughput" : 10.902153175252113,
    "receivedKBytesPerSec" : 288.7100964159171,
    "sentKBytesPerSec" : 1.2988893431452713
  }
}