{
  "Petición HTTP" : {
    "transaction" : "Petición HTTP",
    "sampleCount" : 40,
    "errorCount" : 0,
    "errorPct" : 0.0,
    "meanResTime" : 1293.9750000000001,
    "medianResTime" : 1321.5,
    "minResTime" : 779.0,
    "maxResTime" : 1729.0,
    "pct1ResTime" : 1505.4,
    "pct2ResTime" : 1667.8999999999992,
    "pct3ResTime" : 1729.0,
    "throughput" : 11.474469305794608,
    "receivedKBytesPerSec" : 303.86613417957545,
    "sentKBytesPerSec" : 1.3670754446356854
  },
  "Total" : {
    "transaction" : "Total",
    "sampleCount" : 40,
    "errorCount" : 0,
    "errorPct" : 0.0,
    "meanResTime" : 1293.9750000000001,
    "medianResTime" : 1321.5,
    "minResTime" : 779.0,
    "maxResTime" : 1729.0,
    "pct1ResTime" : 1505.4,
    "pct2ResTime" : 1667.8999999999992,
    "pct3ResTime" : 1729.0,
    "throughput" : 11.474469305794608,
    "receivedKBytesPerSec" : 303.86613417957545,
    "sentKBytesPerSec" : 1.3670754446356854
  }
}