{
  "Petición HTTP" : {
    "transaction" : "Petición HTTP",
    "sampleCount" : 2,
    "errorCount" : 0,
    "errorPct" : 0.0,
    "meanResTime" : 463.5,
    "medianResTime" : 463.5,
    "minResTime" : 333.0,
    "maxResTime" : 594.0,
    "pct1ResTime" : 594.0,
    "pct2ResTime" : 594.0,
    "pct3ResTime" : 594.0,
    "throughput" : 2.7063599458728014,
    "receivedKBytesPerSec" : 71.67096583220568,
    "sentKBytesPerSec" : 0.3224374154262517
  },
  "Total" : {
    "transaction" : "Total",
    "sampleCount" : 2,
    "errorCount" : 0,
    "errorPct" : 0.0,
    "meanResTime" : 463.5,
    "medianResTime" : 463.5,
    "minResTime" : 333.0,
    "maxResTime" : 594.0,
    "pct1ResTime" : 594.0,
    "pct2ResTime" : 594.0,
    "pct3ResTime" : 594.0,
    "throughput" : 2.7063599458728014,
    "receivedKBytesPerSec" : 71.67096583220568,
    "sentKBytesPerSec" : 0.3224374154262517
  }
}