{
  "Petición HTTP" : {
    "transaction" : "Petición HTTP",
    "sampleCount" : 40,
    "errorCount" : 0,
    "errorPct" : 0.0,
    "meanResTime" : 1309.125,
    "medianResTime" : 1362.0,
    "minResTime" : 708.0,
    "maxResTime" : 1723.0,
    "pct1ResTime" : 1560.7,
    "pct2ResTime" : 1668.1499999999999,
    "pct3ResTime" : 1723.0,
    "throughput" : 11.641443538998837,
    "receivedKBytesPerSec" : 308.28793473515714,
    "sentKBytesPerSec" : 1.3869688591385332
  },
  "Total" : {
    "transaction" : "Total",
    "sampleCount" : 40,
    "errorCount" : 0,
    "errorPct" : 0.0,
    "meanResTime" : 1309.125,
    "medianResTime" : 1362.0,
    "minResTime" : 708.0,
    "maxResTime" : 1723.0,
    "pct1ResTime" : 1560.7,
    "pct2ResTime" : 1668.1499999999999,
    "pct3ResTime" : 1723.0,
    "throughput" : 11.641443538998837,
    "receivedKBytesPerSec" : 308.28793473515714,
    "sentKBytesPerSec" : 1.3869688591385332
  }
}